id,materia,nivel,grado,titulo,descripcion,url_recurso,imagen_url
1,Matemáticas,Primaria,3,Aritmetica de Conamat,El libro de ayuda de ejercicios de nivel de Aritmetica,https://isfd160-bue.infd.edu.ar/sitio/upload/Aritmetica-CONAMAT.pdf,https://kioskoconamat.com/wp-content/uploads/2021/11/ART.png
2,Matemáticas,Secundaria,3,Algebra De Conamat,Texto de álgebra basica,https://recuperacionmate2017.wordpress.com/wp-content/uploads/2017/10/algebra-conamat.pdf,"https://m.media-amazon.com/images/I/51F1hNw-QdL._AC_UF1000,1000_QL80_.jpg"
3,Matemáticas,,,Algebra Baldor,Libro tradicional de Baldor ,https://profefily.com/wp-content/uploads/2019/10/Algebra-Baldor.pdf,https://encrypted-tbn0.gstatic.com/images?q=tbn:ANd9GcTmd3Fp1UxxSXSlP7Agdz61ubHmpaOOmuAqJhb3Z0RS89Y7jtPnnE-ldEM&s=10
4,Programación,,,Manual de C++,Libro concepto básico y ejercicio de c++,https://elhacker.info/manuales/Lenguajes%20de%20Programacion/C++/manualC++Public.pdf,https://encrypted-tbn0.gstatic.com/images?q=tbn:ANd9GcQQMoBnF9egZ9rrZ6jQSiAM2IGusLYIeqDuwzjL7JOWdb7VKIm1Z7H3I1Rv&s=10
5,Física,,,Fundamentos de Fisica,"Libro de Física Autor: Serway Vuille, Tomo: 1",http://www0.unsl.edu.ar/~cornette/FISICA/Fundamentos%20de%20f%C3%ADsica%20-%20Volumen%201%20-%20Serway%20&%20Vuille%20-%209ed.pdf,https://cengagelatam.editorialdc.com/wp-content/uploads/2024/08/9786074817805.jpg
6,Mixto,Primaria,1,1ro de Primaria,Texto del ministerio del 2025 de nivel primaria,https://drive.google.com/file/d/1li4PuyS6NWwGhvKYVCqmna5s7-b0jT4v/view,https://librosdelminedu.com/wp-content/uploads/2025/01/Texto-de-Aprendizaje-1ro-de-primaria-202.jpg
7,Robotica,Primaria,1,Robotica,Texto del ministerio del 2025,https://drive.google.com/file/d/1RRQ8g4imfsOdrPfjGtD4mYrmq15V1NRi/view,https://librosdelminedu.com/wp-content/uploads/2023/02/2do-ano-de-escolaridad-Robotica2024.webp
8,Computacion e Informatica,Primaria,1,Computación e Informatica,Texto del ministerio del 2025,https://drive.google.com/file/d/11FmJoOyV1d86Bm2Kwyb9vs8dHkP71UL5/view,https://librosdelminedu.com/wp-content/uploads/2023/02/Libro-de-Computacion-e-Informatica.webp
9,Mixto,Primaria,2,Texto de Aprendizaje,Texto del ministerio del 2025,https://drive.google.com/file/d/1tv4HtY4dOhCjWrEBgexbISpTnUp4FVrj/view,https://librosdelminedu.com/wp-content/uploads/2025/01/Texto-de-Aprendizaje-2do-de-primaria-2025.jpg
10,Computacion e Informatica,Primaria,2,Computación e Informatica,Texto del ministerio del 2025,https://drive.google.com/file/d/1bEPZLG2zEUrBM8tsy8Ru16psKqNs-MLD/view,https://librosdelminedu.com/wp-content/uploads/2023/02/Libro-de-Computacion-e-Informatica.webp
11,Robotica,Primaria,2,Robotica,,https://drive.google.com/file/d/1Fx5rD19H34xFqZU9kwGn7WNSqcJDN1mV/view,https://librosdelminedu.com/wp-content/uploads/2023/02/2do-ano-de-escolaridad-Robotica2024.webp
12,Mixto,Primaria,3,Texto de Aprendizaje,Texto del ministerio 2025,https://drive.google.com/file/d/1HTb6DvZvoh22SIvKoA27PIZvSwzC_CDI/view,https://librosdelminedu.com/wp-content/uploads/2025/01/Texto-de-Aprendizaje-3ro-de-primaria-2025.jpg
13,Robotica,Primaria,3,Robotica,,https://drive.google.com/file/d/17e78xoVDr6o2eI4CQbw6VBLePrDrHl0k/view,https://librosdelminedu.com/wp-content/uploads/2023/02/2do-ano-de-escolaridad-Robotica2024.webp
14,Computacion e Informatica,Primaria,3,Computación e Informatica,,https://drive.google.com/file/d/17El5CfJiGv9jRbSNKV_1qS1pI6TO3riO/view,https://librosdelminedu.com/wp-content/uploads/2023/02/Libro-de-Computacion-e-Informatica.webp
15,Mixto,Primaria,4,Texto de Aprendizaje,,https://drive.google.com/file/d/19zH1bxW1J4HMUTeN321xojY_ozakijMX/view,https://librosdelminedu.com/wp-content/uploads/2025/01/Texto-de-Aprendizaje-4to-de-primaria-2025.jpg
16,Robotica,Primaria,4,Robotica,,https://drive.google.com/file/d/1Syw3IfWcDfY5-SiUzavMxc16fnMavWwR/view,https://librosdelminedu.com/wp-content/uploads/2023/02/2do-ano-de-escolaridad-Robotica2024.webp
17,Computacion e Informatica,Primaria,4,Computación e Informatica,,https://drive.google.com/file/d/1OraXL0xzqOJTy0AHxnN5EsN6zVlVPZab/view,https://librosdelminedu.com/wp-content/uploads/2023/02/Libro-de-Computacion-e-Informatica.webp
18,Mixto,Primaria,5,Texto de Aprendizaje,,https://drive.google.com/file/d/10j3ntesa88-vhHF-UYRfzl7d2gP4ElWF/view,https://librosdelminedu.com/wp-content/uploads/2025/01/Texto-de-Aprendizaje-5to-de-primaria-2025.jpg
19,Robotica,Primaria,5,Robotica,,https://drive.google.com/file/d/1KD6jIEsh56q2AkG6GAlwRneUo1k6HPte/view,https://librosdelminedu.com/wp-content/uploads/2023/02/2do-ano-de-escolaridad-Robotica2024.webp
20,Computacion e Informatica,Primaria,5,Computación e Informatica,,https://drive.google.com/file/d/1SKZ2tl0U22sPjAWxfHU0lRo4by1HSrYJ/view,https://librosdelminedu.com/wp-content/uploads/2023/02/Libro-de-Computacion-e-Informatica.webp
21,Mixto,Primaria,6,Texto de Aprendizaje,,https://drive.google.com/file/d/1qeK7yvzFLYhQ46AhdLEEGn6yDIh7OOxK/view,https://librosdelminedu.com/wp-content/uploads/2025/01/Texto-de-Aprendizaje-6to-de-primaria-2025.jpg
22,Robotica,Primaria,6,Robotica,,https://drive.google.com/file/d/1k8x9u848REK9Gxtlz4FOreEggy1tUUpx/view,https://librosdelminedu.com/wp-content/uploads/2023/02/2do-ano-de-escolaridad-Robotica2024.webp
23,Computacion e Informatica,Primaria,6,Computación e Informatica,,https://materialesdidacticos.net/wp-content/uploads/2023/11/cuaderno-de-trabajo-computacion.pdf,https://librosdelminedu.com/wp-content/uploads/2023/02/Libro-de-Computacion-e-Informatica.webp
24,Mixto,Secundaria,1,Texto de Aprendizaje,,https://drive.google.com/file/d/1odZ9lRk9Q8jQB6yUL5khJpRTpCz9gbes/view,https://librosdelminedu.com/wp-content/uploads/2025/01/Texto-de-Aprendizaje-1ro-de-secundaria-2025.jpg
25,Física,Secundaria,,Fisica Tomo I,,https://drive.google.com/file/d/1hLB71d3OgMNlj3pPH1CjU8KtSnlMbP6a/view,https://librosdelminedu.com/wp-content/uploads/2025/01/Solucionario-de-Fisica-Tomo-I-Educacion-Secundaria-Comunitaria-Productiva.jpg
26,Física,Secundaria,,Fisica Tomo II,,https://drive.google.com/file/d/1E1ybizz4gFVMp03BBZH6IJlzdnPiSgQG/view,https://librosdelminedu.com/wp-content/uploads/2025/01/Solucionario-de-Fisica-Tomo-II-Educacion-Secundaria-Comunitaria-Productiva.jpg
27,Matemáticas,Secundaria,,Tomo I,,https://drive.google.com/file/d/1HgAZE11TNX9JzieyRRabuzidzLXOxgOc/view,https://librosdelminedu.com/wp-content/uploads/2025/01/Solucionario-de-Matematica-Tomo-I-Educacion-Secundaria-Comunitaria-Productiva.jpg
28,Matemáticas,Secundaria,,Tomo II,,https://drive.google.com/file/d/1saJWE6mNTpAGgCOaXXfJuLUevyjPmQmd/view,https://librosdelminedu.com/wp-content/uploads/2025/01/Solucionario-de-Matematica-Tomo-II-Educacion-Secundaria-Comunitaria-Productiva.jpg
29,Química,Secundaria,,Tomo I,,https://drive.google.com/file/d/1pJAPDRqxsONAU0ErwotDqcH3YFpRjjvY/view,https://librosdelminedu.com/wp-content/uploads/2025/01/Solucionario-de-Quimica-Tomo-I-Educacion-Secundaria-Comunitaria-Productiva.jpg
30,Química,Secundaria,,Tomo II,,https://drive.google.com/file/d/1bSdTtXsBZoMfxWHGUwC0wvGD_SDdK84h/view,https://librosdelminedu.com/wp-content/uploads/2025/01/Solucionario-de-Quimica-Tomo-II-Educacion-Secundaria-Comunitaria-Productiva.jpg
31,Mixto,Secundaria,2,Texto de Aprendizaje,,https://drive.google.com/file/d/1MxE0ET0FR2tkzq9YhA-OOR108HVsht6J/view?usp=sharing,https://librosdelminedu.com/wp-content/uploads/2025/01/Texto-de-Aprendizaje-2do-de-secundaria-2025.jpg
32,Mixto,Secundaria,3,Texto de Aprendizaje,,https://drive.google.com/file/d/1IoAXm3ZvxBEaGWfAO90LpYPVr47N06nH/view?usp=sharing,https://librosdelminedu.com/wp-content/uploads/2025/01/Texto-de-Aprendizaje-3ro-de-secundaria-2025.jpg
33,Mixto,Secundaria,4,Texto de Aprendizaje,,https://drive.google.com/file/d/1k3aBgRmsQeDmCgmfB-W48cNPyF5NVj78/view?usp=sharing,https://librosdelminedu.com/wp-content/uploads/2025/01/Texto-de-Aprendizaje-4to-de-secundaria-2025.jpg
34,Mixto,Secundaria,5,Texto de Aprendizaje,,https://drive.google.com/file/d/1r8pbH9UTNoWZcDuKOIxXfg58BtYSEQ4M/view?usp=sharing,https://librosdelminedu.com/wp-content/uploads/2025/01/Texto-de-Aprendizaje-5to-de-secundaria-2025.jpg
35,Mixto,Secundaria,6,Texto de Aprendizaje,,https://drive.google.com/file/d/1qt68PLTXNBJaqAWNFbSXh1gK6vNx8ix0/view?usp=sharing,https://librosdelminedu.com/wp-content/uploads/2025/01/Texto-de-Aprendizaje-6to-de-secundaria-2025.jpg
36,Programación,Universidad,,Algebra booleana,,https://libroweb.alfaomega.com.mx/book/477/free/ovas_statics/lec_adicionales/Algebra_de_Boole.pdf,https://2.bp.blogspot.com/-RUOCTV521vc/Wl5eYjpLzvI/AAAAAAAAjY0/kZj8wZhip-8jnft0RMAQ2l_Wf3qUaA-zgCLcBGAs/s1600/El%2B%25C3%25A1lgebra%2Bde%2BBoole%2B-%2BGast%25C3%25B3n%2BCasanova-LIBROSVIRTUAL.jpg
37,Programación,Universidad,,Algebra booleana,,https://nebrija.es/~oruano/tema3.pdf,https://2.bp.blogspot.com/-RUOCTV521vc/Wl5eYjpLzvI/AAAAAAAAjY0/kZj8wZhip-8jnft0RMAQ2l_Wf3qUaA-zgCLcBGAs/s1600/El%2B%25C3%25A1lgebra%2Bde%2BBoole%2B-%2BGast%25C3%25B3n%2BCasanova-LIBROSVIRTUAL.jpg